<?xml version="1.0" encoding="UTF-8"?>
<project-private xmlns="http://www.netbeans.org/ns/project-private/1">
    <editor-bookmarks xmlns="http://www.netbeans.org/ns/editor-bookmarks/2" lastBookmarkId="0"/>
    <open-files xmlns="http://www.netbeans.org/ns/projectui-open-files/2">
        <group>
            <file>file:/D:/DEVProjects/POO2_N/AplicacaoVenda/src/controller/ItemVendaController.java</file>
            <file>file:/D:/DEVProjects/POO2_N/AplicacaoVenda/src/controller/ProdutoController.java</file>
            <file>file:/D:/DEVProjects/POO2_N/AplicacaoVenda/src/controller/VendaController.java</file>
            <file>file:/D:/DEVProjects/POO2_N/AplicacaoVenda/src/view/VendaView.java</file>
            <file>file:/D:/DEVProjects/POO2_N/AplicacaoVenda/src/view/ProdutoView.java</file>
            <file>file:/D:/DEVProjects/POO2_N/AplicacaoVenda/src/util/Conexao.java</file>
            <file>file:/D:/DEVProjects/POO2_N/AplicacaoVenda/src/view/FornecedorView.java</file>
            <file>file:/D:/DEVProjects/POO2_N/AplicacaoVenda/src/model/VendaModel.java</file>
            <file>file:/D:/DEVProjects/POO2_N/AplicacaoVenda/src/model/ItemVendaModel.java</file>
            <file>file:/D:/DEVProjects/POO2_N/AplicacaoVenda/src/model/FornecedorModel.java</file>
            <file>file:/D:/DEVProjects/POO2_N/AplicacaoVenda/src/controller/FornecedorController.java</file>
            <file>file:/D:/DEVProjects/POO2_N/AplicacaoVenda/src/relatorios/Relatorios.java</file>
            <file>file:/D:/DEVProjects/POO2_N/AplicacaoVenda/src/view/Principal.java</file>
            <file>file:/D:/DEVProjects/POO2_N/AplicacaoVenda/src/model/ProdutoModel.java</file>
        </group>
    </open-files>
</project-private>
