<?xml version="1.0" encoding="UTF-8"?>
<project-private xmlns="http://www.netbeans.org/ns/project-private/1">
    <editor-bookmarks xmlns="http://www.netbeans.org/ns/editor-bookmarks/2" lastBookmarkId="0"/>
    <open-files xmlns="http://www.netbeans.org/ns/projectui-open-files/2">
        <group>
            <file>file:/C:/Users/victo/OneDrive/Documentos/NetBeansProjects/POO2.2/AplicacaoVenda/src/View/FornecedorView.java</file>
            <file>file:/C:/Users/victo/OneDrive/Documentos/NetBeansProjects/POO2.2/AplicacaoVenda/src/View/ProdutoView.java</file>
            <file>file:/C:/Users/victo/OneDrive/Documentos/NetBeansProjects/POO2.2/AplicacaoVenda/src/Model/ProdutoModel.java</file>
            <file>file:/C:/Users/victo/OneDrive/Documentos/NetBeansProjects/POO2.2/AplicacaoVenda/src/Controler/ProdutoController.java</file>
            <file>file:/C:/Users/victo/OneDrive/Documentos/NetBeansProjects/POO2.2/AplicacaoVenda/src/util/Conecxao.java</file>
            <file>file:/C:/Users/victo/OneDrive/Documentos/NetBeansProjects/POO2.2/AplicacaoVenda/src/View/Principal.java</file>
        </group>
    </open-files>
</project-private>
